categoria,"
Congreso","
Bogotá","
Novedades Tecnología","
Otros Deportes","
Unidad Investigativa","
Bogotá","
Fútbol Internacional","
Bogotá","
Columnistas","
Columnistas","
Gobierno","
Otras Ciudades","
Columnistas","
Columnistas","
Gobierno","
Otras Ciudades","
Fútbol Internacional","
Gente","
Contenido Patrocinado","
Contenido Patrocinado","
Contenido Patrocinado","
Contenido Patrocinado","
Ciencia","
Bogotá","
Tendencias","
Gente","
Internacional","
Ciencia",,,,,,,,,,
titulo,"


¿Nuevo aire para la reforma de la salud en la Cámara o estrategia de dilatación?","


Invima alerta sobre rastros de marihuana en gomas usadas para engañar a niños","


EL TIEMPO es el medio digital líder en páginas vistas en Colombia, según Comscore","


Los misteriosos detalles de la muerte de reconocida 'influencer fitness' de 33 años","


Este es el ladrón de joyas colombiano que azotaba a San Petersburgo","


Hace 106 años ocurrió el terremoto que más destrucción dejó en Bogotá: ¿cómo fue?","


Lio Messi perdió el control: inesperada reacción con rival en Inter Miami-Nashville","


El 68 % de los comerciantes dicen sentirse inseguros donde tienen sus negocios","


Sí, sí es tan grave / columna de Claudia Palacios","


La sombra romántica / columna de Juan Esteban Constaín","


Petro respondió a las críticas por decreto vinculado a supuesta expropiación exprés","


Vía al Llano: este jueves hay paso para vehículos con un horario especial","


La desconexión laboral como derecho humano: entender la decisión constitucional","
Una compleja iniciativa","


Sí, sí es tan grave / columna de Claudia Palacios","


La sombra romántica / columna de Juan Esteban Constaín","


Petro respondió a las críticas por decreto vinculado a supuesta expropiación exprés","


Vía al Llano: este jueves hay paso para vehículos con un horario especial","


Luis Rubiales, 'noqueado' por su propio tío: 'Siente a la mujer como un objeto'","


Ella es Andrea Correa, la impresionante doble perfecta de 'Shakira' en 'Yo me llamo'","


morros es vida de playa","


Unisimón: formando líderes comprometidos con el desarrollo","
Una compleja iniciativa","


morros es vida de playa","


Unisimón: formando líderes comprometidos con el desarrollo","


Científicos revelan que el objeto interestelar del Pacífico tiene material 'extrasolar'","


Así son las habitaciones que alquilan a $5.000 en Bogotá: ¿en qué barrio?","


¿Qué caracteriza a una 'buena persona'? Revise si tiene alguna de estas cualidades","


Finalizó la mayor búsqueda del monstruo del Lago Ness: reportaron 'sonidos extraños'","


Temido narco venezolano 'Talibán' habría sido lanzado al mar, según fuerte video","


Cuál es el ""problema de los besos"" que ha inquietado a los matemáticos durante siglos",,,,,,,
enlace,https://eltiempo.com/politica/partidos-politicos/elecciones-alcaldia-bogota-galan-lidera-y-gustavo-bolivar-esta-segundo-segun-invamer-801282,https://eltiempo.com/economia/sectores/las-razones-por-las-que-se-desacelera-el-pib-pero-no-sube-el-desempleo-801245,https://eltiempo.com/justicia/cortes/dura-condena-al-icbf-no-protegio-a-nino-que-murio-tras-ser-victima-de-abuso-sexual-801249,https://eltiempo.com/economia/sectores/por-segunda-vez-se-aplaza-subasta-de-energia-que-evitaria-un-racionamiento-801278,https://eltiempo.com/economia/sectores/las-razones-por-las-que-se-desacelera-el-pib-pero-no-sube-el-desempleo-801245,https://eltiempo.com/deportes/automovilismo/sebastian-montoya-declara-guerra-en-su-ultima-carrera-en-la-formula-3-gp-de-italia-801254,https://eltiempo.com/mundo/latinoamerica/un-carro-bomba-causa-varias-explosiones-en-zona-comercial-del-centro-de-quito-801293,https://eltiempo.com/politica/congreso/reforma-de-la-salud-que-significa-que-se-cree-subcomision-para-nuevo-texto-801241,https://eltiempo.com/bogota/invima-alerta-sobre-presencia-de-marihuana-en-gomas-usadas-para-enganar-ninos-801288,https://eltiempo.com/tecnosfera/novedades-tecnologia/el-tiempo-es-lider-en-paginas-vistas-en-colombia-segun-comscore-801225,https://eltiempo.com/deportes/otros-deportes/muere-larissa-borges-influencer-fitness-a-sus-33-anos-detalles-de-investigacion-801174,https://eltiempo.com/unidad-investigativa/bogota-la-identidad-del-ladron-de-joyas-capturado-que-rusia-pide-en-extradicion-801140,https://eltiempo.com/bogota/este-jueves-se-cumplen-106-anos-del-sismo-que-mas-destruccion-ha-dejado-en-bogota-801274,https://eltiempo.com/deportes/futbol-internacional/lionel-messi-video-de-insulto-y-manotazo-a-rival-en-inter-miami-vs-nashville-801277,https://eltiempo.com/bogota/bogota-el-68-de-los-comerciantes-dicen-sentirse-inseguros-donde-tienen-sus-negocios-801221,https://eltiempo.com/opinion/columnistas/claudia-palacios/si-si-es-tan-grave-columna-de-claudia-palacios-801173,https://eltiempo.com/opinion/columnistas/juan-esteban-constain/la-sombra-romantica-columna-de-juan-esteban-constain-801200,https://eltiempo.com/politica/gobierno/petro-respondio-a-las-criticas-por-decreto-vinculado-a-la-supuesta-expropiacion-expres-801233,https://eltiempo.com/colombia/otras-ciudades/via-al-llano-en-vivo-hoy-jueves-31-de-agosto-asi-estan-la-movilidad-y-restricciones-801299,https://eltiempo.com/podcast/el-cafe-de-hoy/la-desconexion-laboral-como-derecho-humano-entender-la-decision-constitucional-801297,https://eltiempo.com/opinion/editorial/una-compleja-iniciativa-editorial-801246,https://eltiempo.com/opinion/columnistas/claudia-palacios/si-si-es-tan-grave-columna-de-claudia-palacios-801173,https://eltiempo.com/opinion/columnistas/juan-esteban-constain/la-sombra-romantica-columna-de-juan-esteban-constain-801200,https://eltiempo.com/politica/gobierno/petro-respondio-a-las-criticas-por-decreto-vinculado-a-la-supuesta-expropiacion-expres-801233,https://eltiempo.com/colombia/otras-ciudades/via-al-llano-en-vivo-hoy-jueves-31-de-agosto-asi-estan-la-movilidad-y-restricciones-801299,https://eltiempo.com/deportes/futbol-internacional/luis-rubiales-su-tio-lo-describe-como-machista-y-agresivo-con-las-mujeres-801286,https://eltiempo.com/cultura/gente/ella-es-andrea-correa-la-impresionante-doble-perfecta-de-shakira-en-yo-me-llamo-801102,https://eltiempo.com/contenido-comercial/morros-es-vida-de-playa-where-the-park-meets-the-sea-799654,https://eltiempo.com/contenido-comercial/universidad-simon-formando-lideres-comprometidos-con-el-desarrollo-799742,https://eltiempo.com/opinion/editorial/una-compleja-iniciativa-editorial-801246,https://eltiempo.com/contenido-comercial/morros-es-vida-de-playa-where-the-park-meets-the-sea-799654,https://eltiempo.com/contenido-comercial/universidad-simon-formando-lideres-comprometidos-con-el-desarrollo-799742,https://eltiempo.com/vida/ciencia/avi-loeb-confirma-que-objeto-encontrado-en-el-pacifico-contiene-material-extraterrestre-801264,https://eltiempo.com/bogota/alquilan-habitaciones-a-5-000-en-bogota-en-que-barrio-ocurre-y-que-servicios-prestan-801155,https://eltiempo.com/vida/tendencias/algunas-caracteristicas-que-tienen-solo-las-personas-buenas-tiene-alguna-801003,https://eltiempo.com/cultura/gente/termino-la-mayor-busqueda-del-lago-ness-801199,https://eltiempo.com/mundo/narcotraficante-venezolano-fue-lanzado-al-mar-atado-de-pies-y-manos-800971,https://eltiempo.com/vida/ciencia/cual-es-el-problema-de-los-besos-que-ha-inquietado-a-los-matematicos-durante-siglos-776814
